name,price,type,color,psu,side_panel,external_volume,internal_35_bays,stock
Corsair 4000D Airflow,104.99,ATX Mid Tower,Black,,Tinted Tempered Glass,48.6,2,10
NZXT H5 Flow,94.99,ATX Mid Tower,Black,,Tempered Glass,47,1,77
NZXT H9 Flow,159.99,ATX Mid Tower,White,,Tempered Glass,66.9,2,39
NZXT H9 Flow,154.99,ATX Mid Tower,Black,,Tempered Glass,66.9,2,39
Montech AIR 903 MAX,75,ATX Mid Tower,Black,,Tempered Glass,54.2,2,6
NZXT H6 Flow,109.99,ATX Mid Tower,White,,Tempered Glass,51.8,1,20
Cooler Master MasterBox Q300L,46.98,MicroATX Mini Tower,Black,,Acrylic,33.6,1,14
NZXT H6 Flow,101.29,ATX Mid Tower,Black,,Tempered Glass,51.8,1,2
Montech X3 Mesh,64.98,ATX Mid Tower,Black,,Tempered Glass,,2,71
Montech AIR 100 ARGB,,MicroATX Mid Tower,Black,,Tempered Glass,36.1,2,57
Lian Li O11 Vision,138.94,ATX Mid Tower,White,,Tempered Glass,67.8,2,16
Fractal Design North,139.99,ATX Mid Tower,Black,,Tempered Glass,45.1,2,8
Phanteks XT PRO,49.99,ATX Mid Tower,Black,,Tempered Glass,51.8,2,79
NZXT H6 Flow RGB,132.99,ATX Mid Tower,White,,Tempered Glass,51.8,1,65
Phanteks XT PRO ULTRA,69.99,ATX Mid Tower,Black,,Tempered Glass,51.8,2,32
Lian Li O11 Dynamic EVO,249.22,ATX Mid Tower,White / Gray,,Tempered Glass,60.8,6,74
Lian Li LANCOOL 216,99.99,ATX Mid Tower,Black,,Tempered Glass,55.6,2,80
Deepcool CH370,59.41,MicroATX Mid Tower,Black,,Tempered Glass,38.3,2,10
Silverstone ALTA F2,999.99,ATX Full Tower,Black,,Tempered Glass,98.9,8,59
Deepcool CC560 V2,59.99,ATX Mid Tower,Black,,Tempered Glass,44.9,2,83
Fractal Design Terra,179.97,Mini ITX Desktop,Black / Brown,,Mesh,11.4,0,54
NZXT H5 Flow,93.99,ATX Mid Tower,White,,Tempered Glass,47,1,41
Deepcool MATREXX 40,46.98,MicroATX Mini Tower,Black,,Tempered Glass,,2,45
NZXT H6 Flow RGB,134.99,ATX Mid Tower,Black,,Tempered Glass,51.8,1,81
HYTE Y70 Touch,359.99,ATX Mid Tower,White,,Tempered Glass,70.7,2,8
Lian Li O11 Vision,129.99,ATX Mid Tower,Black,,Tempered Glass,67.8,2,37
Montech AIR 903 BASE,65,ATX Mid Tower,Black,,Tempered Glass,54.2,2,58
Corsair 3000D AIRFLOW,74.98,ATX Mid Tower,Black,,Tempered Glass,49.5,2,14
Fractal Design Pop Air RGB,89.99,ATX Mid Tower,Black,,Tempered Glass,46.2,2,9
Corsair 5000D AIRFLOW,159.99,ATX Mid Tower,Black,,Tempered Glass,66.2,2,40
NZXT H7 Flow,129.99,ATX Mid Tower,Black,,Tempered Glass,55.8,2,23
Montech KING 95 PRO,149,ATX Mid Tower,Black,,Tempered Glass,63,5,42
Asus Prime AP201,79.99,MicroATX Mini Tower,Black,,Mesh,33,3,90
Cooler Master MasterBox NR200,114.99,Mini ITX Desktop,Black,,,,2,8
Corsair 4000D Airflow,104.99,ATX Mid Tower,White,,Tinted Tempered Glass,48.6,2,87
Lian Li O11D EVO RGB,159.99,ATX Mid Tower,Black,,Tempered Glass,65.3,4,59
Fractal Design Pop Mini Air,89.97,MicroATX Mid Tower,Black,,Tempered Glass,36.5,2,38
Corsair iCUE 4000X RGB,119.99,ATX Mid Tower,Black,,Tempered Glass,48.6,2,83
Lian Li O11 Dynamic Mini Snow Edition,119.99,ATX Mid Tower,White,,Tempered Glass,43,2,54
Fractal Design North XL,179.99,ATX Full Tower,Black,,Tinted Tempered Glass,61.4,2,41
Montech KING 95 PRO,159,ATX Mid Tower,White,,Tempered Glass,63,5,69
HYTE Y70 Touch,359.99,ATX Mid Tower,Black,,Tempered Glass,70.7,2,52
SAMA ARGB-Q5,53.84,MicroATX Mini Tower,Black,,Tempered Glass,31.5,2,48
Phanteks Eclipse G360A,69.99,ATX Mid Tower,White,,Tempered Glass,42.3,2,55
Montech AIR 903 MAX,69,ATX Mid Tower,White,,Tempered Glass,54.2,2,26
Lian Li O11 Dynamic EVO,,ATX Mid Tower,Black,,Tinted Tempered Glass,60.8,6,95
Deepcool CH160,,Mini ITX Desktop,Black,,Tempered Glass,19.1,1,50
Lian Li O11 Dynamic EVO XL,231.99,ATX Full Tower,Black,,Tempered Glass,84.4,4,42
Fractal Design Terra,179.99,Mini ITX Desktop,Green / Brown,,Mesh,11.4,0,5