name,price,rpm,noise_level,color,size
Thermalright Peerless Assassin 120 SE,33.9,1550,25.6,Black,
NZXT Kraken Elite 360 RGB,273.99,"5,001,800","17.9,30.6",White,360
Deepcool GAMMAXX AG400 ARGB,29.99,"5,002,000",31.6,Black,
Corsair iCUE H150i ELITE CAPELLIX XT,189.99,"5,502,100","5,34.1",Black,360
Cooler Master MASTERLIQUID ML240L RGB V2,99.99,"6,501,800","6,27",Black,240
Noctua NH-D15 chromax.black,119.95,"3,001,500","19.2,24.6",Black,
NZXT Kraken 240,120.99,"5,001,800","17.9,30.6",Black,240
Thermalright Phantom Spirit 120 SE,35.9,1500,25.6,Black / Silver,
Deepcool AK620 ZERO DARK,61.98,"5,001,850",28,Black,
ARCTIC Liquid Freezer III,116.99,"2,001,800",,Black,360
Cooler Master Hyper 212 Black Edition,29.99,"6,502,000","6.5,26",Black,
NZXT Kraken Elite 360 RGB,275.99,"5,001,800","17.9,30.6",Black,360
Deepcool LS720 SE WH,97.99,"5,002,250","28.2,32.9",White,360
Thermalright Assassin X 120 Refined SE,17.89,1550,25.6,Black / Silver,
Deepcool LS720 SE,92.18,"5,002,250","28.2,32.9",Black,360
Thermalright Peerless Assassin 120 SE WHITE ARGB,36.99,1550,25.6,White,
Noctua NH-D15,109.95,"3,001,500","19.2,24.6",,
Corsair iCUE H100x RGB ELITE,99.99,1500,"7,28",Black,240
Thermalright Phantom Spirit 120 SE ARGB,36.9,1500,25.6,Black / Silver,
Corsair iCUE H100i RGB ELITE,119.99,"4,001,850","5,28.9",Black,240
Deepcool AK400,33.49,"5,001,850",29,Black / Silver,
ID-COOLING SE-214-XT,17.98,"5,001,500","13.8,30.5",Black,
ARCTIC Liquid Freezer III,99.99,"2,001,800",,Black,240
Corsair iCUE H150i ELITE LCD XT,249.99,"5,502,100","5,34.1",Black,360
Noctua NH-U12S chromax.black,89.95,"3,001,500","18.6,22.4",Black,
NZXT Kraken 360,,"5,001,800","17.9,30.6",Black,360
NZXT Kraken 240 RGB,172.99,"5,001,800","17.9,30.6",White,240
be quiet! Pure Rock 2 Black,37.9,1500,"19.1,26.8",Black,
Deepcool LT720,106.24,"5,002,250",32.9,Black / Gray,360
NZXT Kraken Elite 360,266.99,"5,001,800","17.9,30.6",Black,360
AMD Wraith Prism,56,2800,42,,
ARCTIC Liquid Freezer III A-RGB,139.99,"2,002,000",,Black,360
Corsair H105,869.03,"8,002,700",37.7,,240
Thermalright Frozen Notte ARGB,53.9,2000,27.7,Black,240
Thermalright Frozen Notte ARGB,66.9,2000,27.7,White,360
NZXT Kraken 360 RGB,256.54,"5,001,800","17.9,30.6",White,360
Deepcool AK620 DIGITAL,73.98,"5,001,850",28,Black,
be quiet! Dark Rock Pro 5,79.9,"13,002,000","8.9,23.3",Black,
Lian Li Galahad II Trinity SL-INF,169.95,2100,29,Black,360
Cooler Master MasterLiquid 360L Core ARGB,85.67,"3,501,750",27.2,Black,360
Noctua NH-U12A chromax.black,129.94,"4,502,000","18.8,22.6",Black,
Lian Li Galahad II Trinity SL-INF,164.99,2100,29,White,360
Thermalright Frozen Notte ARGB,64.9,2000,27.7,Black,360
Thermalright Assassin X Refined SE ARGB,18.89,1550,25.6,Black / Silver,
Thermalright Phantom Spirit EVO,,2150,27,Black,
Thermalright Peerless Assassin 120 SE ARGB,33.9,1550,25.6,Black,
Intel E97379-001,8.99,"12,002,800",22,Silver / Black,
Deepcool AK400 DIGITAL,46.77,"5,001,850",28,Black,
Noctua NH-L9A-AM5 CHROMAX.BLACK,54.95,"6,002,500","14.8,23.6",Black,
