name,price,core_count,core_clock,boost_clock,tdp,graphics,smt,stock
AMD Ryzen 7 7800X3D,339,8,4.2,5,120,Radeon,TRUE,9
AMD Ryzen 5 7600X,204.99,6,4.7,5.3,105,Radeon,TRUE,42
AMD Ryzen 5 5600X,144.31,6,3.7,4.6,65,,TRUE,94
AMD Ryzen 5 7600,185,6,3.8,5.1,65,Radeon,TRUE,63
Intel Core i9-14900K,544.99,24,3.2,6,125,Intel UHD Graphics 770,TRUE,40
Intel Core i7-14700K,399.99,20,3.4,5.6,125,Intel UHD Graphics 770,TRUE,88
Intel Core i5-12400F,128,6,2.5,4.4,65,,TRUE,10
AMD Ryzen 5 3600,84,6,3.6,4.2,65,,TRUE,41
AMD Ryzen 7 7700X,288.81,8,4.5,5.4,105,Radeon,TRUE,87
AMD Ryzen 9 7950X3D,564,16,4.2,5.7,120,Radeon,TRUE,63
AMD Ryzen 5 5600,129.99,6,3.5,4.4,65,,TRUE,69
AMD Ryzen 7 5800X,202,8,3.8,4.7,105,,TRUE,14
Intel Core i5-12600KF,159.13,10,3.7,4.9,125,,TRUE,52
AMD Ryzen 5 5500,91.53,6,3.6,4.2,65,,TRUE,74
Intel Core i7-12700K,248,12,3.6,5,125,Intel UHD Graphics 770,TRUE,52
AMD Ryzen 7 5700X,171.89,8,3.4,4.6,65,,TRUE,27
Intel Core i7-13700K,359,16,3.4,5.4,125,Intel UHD Graphics 770,TRUE,36
Intel Core i5-12600K,175.74,10,3.7,4.9,125,Intel UHD Graphics 770,TRUE,33
AMD Ryzen 7 5800X3D,261.18,8,3.4,4.5,105,,TRUE,20
AMD Ryzen 9 7900X,396.58,12,4.7,5.6,170,Radeon,TRUE,51
AMD Ryzen 5 5600G,134.48,6,3.9,4.4,65,Radeon Vega 7,TRUE,93
AMD Ryzen 9 5900X,277.99,12,3.7,4.8,105,,TRUE,42
Intel Core i5-13600K,283.99,14,3.5,5.1,125,Intel UHD Graphics 770,TRUE,16
Intel Core i9-14900KS,652.95,24,3.2,6.2,150,Intel UHD Graphics 770,TRUE,96
Intel Core i7-12700KF,223.95,12,3.6,5,125,,TRUE,29
Intel Core i3-12100F,94.98,4,3.3,4.3,58,,TRUE,16
Intel Core i5-13600KF,249.99,14,3.5,5.1,125,,TRUE,42
AMD Ryzen 7 7700,281.63,8,3.6,5.3,65,Radeon,TRUE,54
AMD Threadripper 3990X,4255,64,2.9,4.3,280,,TRUE,33
Intel Core i9-13900K,486.59,24,3,5.8,125,Intel UHD Graphics 770,TRUE,5
Intel Core i7-14700KF,375.74,20,3.4,5.6,125,,TRUE,97
Intel Core i5-13400F,185.99,10,2.5,4.6,65,,TRUE,97
AMD Ryzen 9 7900X3D,403.99,12,4.4,5.6,120,Radeon,TRUE,52
Intel Core i9-12900K,334,16,3.2,5.2,125,Intel UHD Graphics 770,TRUE,53
AMD Ryzen 5 4500,72.77,6,3.6,4.1,65,,TRUE,48
AMD Ryzen 9 7950X,510.38,16,4.5,5.7,170,Radeon,TRUE,9
Intel Core i5-14600K,295.99,14,3.5,5.3,125,Intel UHD Graphics 770,TRUE,56
AMD Ryzen 7 3700X,205.84,8,3.6,4.4,65,,TRUE,42
Intel Core i7-13700KF,303.49,16,3.4,5.4,125,,TRUE,93
AMD Ryzen 7 5700G,174.4,8,3.8,4.6,65,Radeon Vega 8,TRUE,24
AMD Ryzen 7 5700X3D,214.99,8,3,4.1,105,,TRUE,74
AMD Ryzen 5 7500F,,6,3.7,5,65,,TRUE,70
AMD Ryzen 9 5950X,363,16,3.4,4.9,105,,TRUE,81
Intel Core i5-14600KF,293.99,14,3.5,5.3,125,,TRUE,97
AMD Ryzen 5 8500G,179,6,4.1,5,65,Radeon 740M,TRUE,53
Intel Core i9-14900KF,509.14,24,3.2,6,125,,TRUE,94
Intel Core i5-10400F,97.99,6,2.9,4.3,65,,TRUE,69
AMD Ryzen 5 4600G,95.16,6,3.7,4.2,65,Radeon Vega 7,TRUE,91
AMD Ryzen 3 4100,68.98,4,3.8,4,65,,TRUE,48