name,price,chipset,memory,core_clock,boost_clock,color,length,Stock
MSI GeForce RTX 3060 Ventus 2X 12G,288,GeForce RTX 3060 12GB,12,1320,1777,Black,235,26
Gigabyte WINDFORCE OC,581.19,GeForce RTX 4070,12,1920,2490,Black,261,88
Asus ROG STRIX GAMING OC,1979.99,GeForce RTX 4090,24,2235,2640,Black,358,36
Gigabyte WINDFORCE OC,799.99,GeForce RTX 4070 Ti SUPER,16,2340,2625,Black,261,39
Asus DUAL OC,309.99,GeForce RTX 4060,8,1830,2535,Black,227,81
Gigabyte GAMING OC,499,Radeon RX 7800 XT,16,1295,2565,Black,302,37
Gigabyte WINDFORCE OC,599.99,GeForce RTX 4070 SUPER,12,1980,2505,Black,261,56
ASRock Challenger D,219.99,Radeon RX 6600,8,1626,,Black,269,57
PNY VCNRTX6000ADA-PB,9999,RTX 6000 Ada Generation,48,915,2505,Black / Gold,267,42
XFX Speedster SWFT 309,299.99,Radeon RX 6700 XT,12,2321,2581,Black,304,70
NVIDIA Founders Edition,1959.99,GeForce RTX 4090,24,2230,2520,Black / Silver,304,37
Gigabyte EAGLE,399.99,GeForce RTX 4060 Ti,8,2310,,Black,272,37
XFX Speedster SWFT 210 Core,219.99,Radeon RX 6650 XT,8,2055,2635,Black / Silver,241,23
Asus ROG STRIX GAMING OC,1979.99,GeForce RTX 4090,24,2235,2640,White,358,39
Gigabyte AERO OC,319.99,GeForce RTX 4060,8,1830,,White,281,92
Asus TUF GAMING,1369,GeForce RTX 4080 SUPER,16,2210,2580,Black,348,94
Gigabyte EAGLE,199.99,Radeon RX 6600,8,1626,2491,Black / Silver,282,60
Gigabyte GAMING OC,409.99,Radeon RX 7700 XT,12,1700,2599,Black,302,21
XFX Speedster MERC 310 Black Edition,916.94,Radeon RX 7900 XTX,24,2300,2615,Black / Silver,344,53
XFX Speedster SWFT 319,359.99,Radeon RX 6800,16,1700,2105,Black,340,50
Asus DUAL OC,609,GeForce RTX 4070 SUPER,12,1980,2550,Black,267,65
MSI VENTUS 2X BLACK OC,293,GeForce RTX 4060,8,1830,2505,Black,199,24
XFX GTS XXX,129.99,Radeon RX 580,8,1366,1386,Black / Red,270,67
Gigabyte WINDFORCE OC,299.99,GeForce RTX 4060,8,1830,,Black,192,85
Sapphire PULSE,699.99,Radeon RX 7900 XT,20,2000,2450,Black / Red,313,7
Asus TUF GAMING OC,839.99,GeForce RTX 4070 Ti SUPER,16,2340,2670,Black,305,20
Asus DUAL OC,604.47,GeForce RTX 4070,12,2520,2550,Black,267,10
MSI RTX 3060 Ventus 3X 12G OC,299.99,GeForce RTX 3060 12GB,12,1320,1807,Black,316,41
ASRock Challenger OC,399.99,Radeon RX 7700 XT,12,1700,2584,Black,266,81
Asus ROG Matrix Platinum,4699,GeForce RTX 4090,24,2670,2700,Black / Silver,286,5
Asus DUAL OC,569.99,GeForce RTX 4070,12,2520,2550,White,267,72
Zotac GAMING Trinity,1087.93,GeForce RTX 4080 SUPER,16,2210,2550,Black,307,13
XFX Speedster QICK 319 Core,299.99,Radeon RX 6750 XT,12,2150,2600,Black,323,26
Asus DUAL OC,384.99,GeForce RTX 4060 Ti,8,2310,2595,Black,227,73
MSI VENTUS 3X OC,1029.99,GeForce RTX 4080 SUPER,16,2210,2595,Black,322,9
Zotac GAMING Trinity OC,839.99,GeForce RTX 4070 Ti SUPER,16,2340,2625,White,307,2
Sapphire PULSE,519.99,Radeon RX 7800 XT,16,1295,,Black / Red,280,43
Gigabyte GAMING OC,549.99,Radeon RX 7900 GRE,16,1270,2391,Black,302,26
Gigabyte AERO OC,679.99,GeForce RTX 4070 SUPER,12,1980,2565,White / Silver,300,70
Gigabyte GAMING OC,329.99,Radeon RX 7600 XT,16,1720,,Black / Gray,281,75
Asus TUF GAMING OC,1779,GeForce RTX 4090,24,2235,2595,Black,348,46
Sapphire NITRO+,1029.99,Radeon RX 7900 XTX,24,2300,2680,Silver / Black,320,87
NVIDIA Founders Edition,485,GeForce RTX 3060 Ti,8,1410,1670,Black / Silver,242,71
Sapphire PURE,539.99,Radeon RX 7800 XT,16,1295,2475,White,320,97
Sapphire PULSE,929.99,Radeon RX 7900 XTX,24,2300,2525,Black / Red,313,9
Gigabyte WINDFORCE V2,1233,GeForce RTX 4080 SUPER,16,2210,2550,Black,330,53
Sapphire PULSE,399.99,Radeon RX 7700 XT,12,1700,2544,Black / Red,280,9
Asus ProArt OC,1149.99,GeForce RTX 4080 SUPER,16,2210,2640,Black / Gold,300,100
ASRock Challenger OC,499.99,Radeon RX 7800 XT,16,1295,2475,Black,267,41