name,price,socket,form_factor,max_memory,memory_slots,color,stock
MSI B650 GAMING PLUS WIFI,169.99,AM5,ATX,192,4,Black,2
Asus ROG STRIX B650-A GAMING WIFI,199.99,AM5,ATX,192,4,Black / Silver,19
MSI B760 GAMING PLUS WIFI,159.99,LGA1700,ATX,192,4,Black / Silver,68
MSI PRO Z790-A MAX WIFI,239.99,LGA1700,ATX,192,4,Silver / Black,33
MSI B550 GAMING GEN3,99.99,AM4,ATX,128,4,Black,86
MSI B450M-A PRO MAX II,69.98,AM4,Micro ATX,64,2,Black,20
MSI MAG B650 TOMAHAWK WIFI,199.99,AM5,ATX,192,4,Black,30
Gigabyte B650 GAMING X AX,179.99,AM5,ATX,192,4,Black / Gray,24
Asus PRIME B550M-A WIFI II,104.99,AM4,Micro ATX,128,4,Blue / Silver,76
ASRock B650M Pro RS WiFi,149.99,AM5,Micro ATX,192,4,Black / Silver,19
ASRock B660M Pro RS,94.99,LGA1700,Micro ATX,128,4,Gray / Black,33
MSI PRO B650M-P,119.99,AM5,Micro ATX,192,4,Black / Silver,10
Asus TUF GAMING Z790-PRO WIFI,279.99,LGA1700,ATX,192,4,Black,97
MSI MAG X670E TOMAHAWK WIFI,259.99,AM5,ATX,192,4,Black,39
MSI PRO Z790-P WIFI,199.99,LGA1700,ATX,192,4,Black / Silver,82
MSI MAG B550 TOMAHAWK MAX WIFI,159.99,AM4,ATX,128,4,Silver / Black,87
Asus ROG STRIX B550-F GAMING WIFI II,189.99,AM4,ATX,128,4,Black / Red,35
MSI PRO B650M-A WIFI,156.99,AM5,Micro ATX,192,4,Black,47
ASRock B650I Lightning Wifi,199.99,AM5,Mini ITX,96,2,Black,37
MSI B550M PRO-VDH WIFI,99.99,AM4,Micro ATX,128,4,Black,48
MSI PRO B650-S WIFI,139.99,AM5,ATX,192,4,Black,34
Gigabyte B650 EAGLE AX,169.99,AM5,ATX,192,4,Gray / Black,54
Asus ROG STRIX B650E-F GAMING WIFI,259.99,AM5,ATX,192,4,Black,25
Gigabyte B650 AORUS ELITE AX ICE,229.99,AM5,ATX,192,4,Silver,83
Asus ROG MAXIMUS Z790 DARK HERO,579.99,LGA1700,ATX,192,4,Black,38
Asus Prime B450M-A II,69.98,AM4,Micro ATX,128,4,,74
Gigabyte B650 AORUS ELITE AX,199.99,AM5,ATX,192,4,Black / Silver,15
Asus PRIME B760-PLUS,129.99,LGA1700,ATX,192,4,Black / Silver,96
Gigabyte B550M K,94.99,AM4,Micro ATX,128,4,Brown / Silver,97
MSI MAG Z790 TOMAHAWK WIFI,209.99,LGA1700,ATX,192,4,Black,27
Gigabyte TRX40 AORUS XTREME,1840.02,sTRX4,XL ATX,256,8,Black / Silver,70
Gigabyte X670E AORUS PRO X,299.99,AM5,ATX,192,4,White / Silver,71
Asus ROG STRIX Z790-A GAMING WIFI II,335.99,LGA1700,ATX,192,4,Black / Silver,91
Gigabyte Z790 AORUS ELITE AX,219.99,LGA1700,ATX,192,4,Black,24
ASRock B450M-HDV R4.0,59.99,AM4,Micro ATX,32,2,Black / White,58
MSI PRO B550M-VC WIFI,116.55,AM4,Micro ATX,128,4,Black,58
MSI PRO B760-P WIFI DDR4,139.99,LGA1700,ATX,128,4,Black,91
Asus TUF GAMING B650-PLUS WIFI,199.99,AM5,ATX,128,4,Black,36
Gigabyte B550 UD AC,99.99,AM4,ATX,128,4,Brown / Black,40
Asus ROG STRIX B650E-I GAMING WIFI,299.99,AM5,Mini ITX,96,2,Black,72
Asus ROG STRIX Z790-E GAMING WIFI II,427.99,LGA1700,ATX,192,4,Black,61
MSI B550-A PRO,109.99,AM4,ATX,128,4,Black / Silver,29
MSI PRO A620M-E,74.95,AM5,Micro ATX,96,2,Black,14
MSI PRO H610M-G DDR4,79.99,LGA1700,Micro ATX,64,2,Black / Silver,56
ASRock B650M Pro RS,134.99,AM5,Micro ATX,192,4,Black / Silver,99
MSI PRO Z690-A WIFI,149.99,LGA1700,ATX,192,4,Black / Silver,51
Asus ROG STRIX B760-I GAMING WIFI,199.99,LGA1700,Mini ITX,96,2,Black,95
ASRock B550M Pro4,99.99,AM4,Micro ATX,128,4,Silver / Black,32
Gigabyte A520I AC,109.99,AM4,Mini ITX,64,2,Black,42