name,price,capacity,price_per_gb,type,cache,form_factor,interface,stock
Samsung 980 Pro,169.99,2000,0.085,SSD,2048,M.2-2280,M.2 PCIe 4.0 X4,67
Kingston NV2,60.99,1000,0.061,SSD,,M.2-2280,M.2 PCIe 4.0 X4,7
Samsung 970 Evo Plus,97.5,1000,0.098,SSD,1024,M.2-2280,M.2 PCIe 3.0 X4,33
Samsung 990 Pro,318.35,4000,0.08,SSD,4096,M.2-2280,M.2 PCIe 4.0 X4,83
Crucial P3 Plus,69.98,1000,0.07,SSD,,M.2-2280,M.2 PCIe 4.0 X4,44
Samsung 980 Pro,106.13,1000,0.106,SSD,1024,M.2-2280,M.2 PCIe 4.0 X4,76
Samsung 990 Pro,169.99,2000,0.085,SSD,2048,M.2-2280,M.2 PCIe 4.0 X4,43
Crucial P3 Plus,117.99,2000,0.059,SSD,,M.2-2280,M.2 PCIe 4.0 X4,69
Western Digital Black SN850X,156.99,2000,0.078,SSD,,M.2-2280,M.2 PCIe 4.0 X4,61
Seagate Barracuda Compute,64.98,2000,0.032,7200,256,3.5,SATA 6.0 Gb/s,15
Western Digital Black SN850X,91.92,1000,0.092,SSD,,M.2-2280,M.2 PCIe 4.0 X4,62
Mushkin Source HC,2302.98,16000,0.144,SSD,,2.5,SATA 6.0 Gb/s,67
Kingston NV2,118,2000,0.059,SSD,,M.2-2280,M.2 PCIe 4.0 X4,82
Samsung 870 Evo,104.99,1000,0.105,SSD,1024,2.5,SATA 6.0 Gb/s,85
Western Digital Black SN770,84.15,1000,0.084,SSD,,M.2-2280,M.2 PCIe 4.0 X4,29
TEAMGROUP MP33,36.99,512,0.072,SSD,,M.2-2280,M.2 PCIe 3.0 X4,15
Sabrent Rocket 4 Plus,1189.99,8000,0.149,SSD,,M.2-2280,M.2 PCIe 4.0 X4,9
Samsung 970 Evo Plus,69.94,500,0.14,SSD,512,M.2-2280,M.2 PCIe 3.0 X4,84
Crucial P3,60.99,1000,0.061,SSD,,M.2-2280,M.2 PCIe 3.0 X4,79
Seagate IronWolf Pro,479.99,24000,0.02,7200,512,3.5,SATA 6.0 Gb/s,47
Samsung 990 Pro,110.08,1000,0.11,SSD,1024,M.2-2280,M.2 PCIe 4.0 X4,16
Western Digital Blue SN580,71,1000,0.071,SSD,,M.2-2280,M.2 PCIe 4.0 X4,48
Kingston NV2,42.99,500,0.086,SSD,,M.2-2280,M.2 PCIe 4.0 X4,71
Western Digital Black SN770,138.82,2000,0.069,SSD,,M.2-2280,M.2 PCIe 4.0 X4,36
Western Digital Black SN850X,309.99,4000,0.077,SSD,,M.2-2280,M.2 PCIe 4.0 X4,86
Seagate BarraCuda,79.99,4000,0.02,5400,256,3.5,SATA 6.0 Gb/s,78
Samsung 970 Evo Plus,149.99,2000,0.075,SSD,1024,M.2-2280,M.2 PCIe 3.0 X4,28
Western Digital Caviar Blue,39.18,1000,0.039,7200,64,3.5,SATA 6.0 Gb/s,48
Crucial P3 Plus,237.99,4000,0.059,SSD,,M.2-2280,M.2 PCIe 4.0 X4,81
Intel 750,2488.87,1200,2.074,SSD,,PCIe,PCIe x4,61
Samsung 870 Evo,189.99,2000,0.095,SSD,2048,2.5,SATA 6.0 Gb/s,73
Silicon Power UD90,108.99,2000,0.054,SSD,,M.2-2280,M.2 PCIe 4.0 X4,24
TEAMGROUP MP44L,64.98,1000,0.065,SSD,,M.2-2280,M.2 PCIe 4.0 X4,16
Silicon Power A60,60.99,1000,0.061,SSD,,M.2-2280,M.2 PCIe 3.0 X4,2
TEAMGROUP MP44L,114.99,2000,0.057,SSD,,M.2-2280,M.2 PCIe 4.0 X4,61
TEAMGROUP MP33,61.99,1000,0.062,SSD,,M.2-2280,M.2 PCIe 3.0 X4,54
Western Digital Blue SN580,124,2000,0.062,SSD,,M.2-2280,M.2 PCIe 4.0 X4,2
Acer Predator GM7000,,2000,,SSD,2048,M.2-2280,M.2 PCIe 4.0 X4,55
Samsung 870 QVO,594.9,8000,0.074,SSD,,2.5,SATA 6.0 Gb/s,6
Crucial T700,426.99,4000,0.107,SSD,,M.2-2280,M.2 PCIe 5.0 X4,95
Seagate BarraCuda,45,1000,0.045,7200,64,3.5,SATA 6.0 Gb/s,75
TEAMGROUP MP33,105.99,2000,0.053,SSD,,M.2-2280,M.2 PCIe 3.0 X4,67
Samsung 980,89.99,1000,0.09,SSD,,M.2-2280,M.2 PCIe 3.0 X4,20
Crucial T500,138.99,2000,0.069,SSD,,M.2-2280,M.2 PCIe 4.0 X4,47
Crucial P3,51.6,500,0.103,SSD,,M.2-2280,M.2 PCIe 3.0 X4,33
Western Digital Gold,599.99,24000,0.025,7200,512,3.5,SATA 6.0 Gb/s,41
Crucial T705,484.99,4000,0.121,SSD,,M.2-2280,M.2 PCIe 5.0 X4,97
Samsung 990 EVO,89.99,1000,0.09,SSD,,M.2-2280,M.2 PCIe 5.0 X2,21
Kingston KC3000,162.99,2048,0.08,SSD,,M.2-2280,M.2 PCIe 4.0 X4,40